"id","name","birthday","email"
2,"Fulton Brastead","1968-05-24","fbrastead1@squarespace.com"
3,"Missie Quest","1952-01-19","mquest2@infoseek.co.jp"
4,"Berke Grolle",NULL,"bgrolle3@myspace.com"
7,"Kial Mougin",NULL,NULL
10,"Lynnette Aldren","1951-04-26",NULL
13,"Valerye Terbruggen",NULL,"vterbruggenc@sohu.com"
14,"Ophelie Loughran",NULL,"oloughrand@yellowbook.com"
15,"Rabbi MacMurray","1939-05-08","rmacmurraye@tumblr.com"
16,"Tersina Cosgrove","1947-10-23",NULL
17,"Netty Gristwood","1923-07-23","ngristwoodg@webs.com"
19,"Laurie Dubber","1948-10-13","ldubberi@independent.co.uk"
20,"Sara Maylor","1971-05-08",NULL
22,"Maje Harcus","1930-07-17","mharcusl@guardian.co.uk"
23,"Betteanne Geroldini","1941-05-31","bgeroldinim@dot.gov"
24,"Rosetta Shearston",NULL,"rshearstonn@ihg.com"
26,"Orson Pruvost","1934-10-08","opruvostp@cyberchimps.com"
27,"Paulette Vasovic","1986-04-17","pvasovicq@storify.com"
29,"Corilla Espinoy","1953-05-04","cespinoys@bigcartel.com"
31,"Reba Visco","1921-04-23","rviscou@domainmarket.com"
32,"Mitchel Wensley",NULL,"mwensleyv@earthlink.net"
33,"Isabeau Vanne","1929-12-18","ivannew@printfriendly.com"
34,"Zelig MacClenan","1919-08-02","zmacclenanx@dyndns.org"
35,"Matteo Gilluley","1985-06-10","mgilluleyy@harvard.edu"
36,"Ike Crus",NULL,NULL
37,"Vicky Dunton","1934-11-16","vdunton10@indiegogo.com"
39,"Carolus Osbourne","1970-06-25","cosbourne12@foxnews.com"
40,"Arin McLernon","1982-03-04","amclernon13@twitter.com"
41,"Brigitte Trunkfield","1927-10-20","btrunkfield14@diigo.com"
42,"Shel Klima","1939-01-31","sklima15@technorati.com"
43,"Ode Gleadhall","1973-06-09","ogleadhall16@goo.ne.jp"
46,"Stormy Schuchmacher","1963-08-05","sschuchmacher19@w3.org"
47,"Annabela Kurdani","1944-03-14",NULL
48,"Luise Martinello","1921-02-01","lmartinello1b@jigsy.com"
49,"Stafani Meininger","1935-08-26","smeininger1c@cdc.gov"
50,"Carter Moakes","1982-10-11","cmoakes1d@tinyurl.com"
9,"UPDATELENDİK","1967-03-03","jhayhurst8@themeforest.net"
5,"Marcelia Trowill","2000-01-01","mtrowill4@timesonline.co.uk"
6,"Oralle Hardwidge","2000-01-01","ohardwidge5@lycos.com"
44,"Ansley Grassot","2000-01-01","agrassot17@dell.com"
45,"Langston Spivey","2000-01-01","lspivey18@soundcloud.com"
1,"UPDATELENDİK","2000-01-01",NULL
30,"UPDATELENDİK","2000-01-01","jkemmt@si.edu"
